{
    "world_root": {
        "source": "worldpoint",
        "position": {
            "type": "relative",
            "x": 0,
            "y": 0,
            "z": 0
        }
    },
    "arm_right_home": {
        "source": "robtarget",
        "position": {
            "type": "relative",
            "x": -9.578368507,
            "y": -182.609892723,
            "z": 198.627808149
        },
        "orientation": {
            "q1": 0.066010726,
            "q2": -0.842420918,
            "q3": -0.111214912,
            "q4": -0.523068661
        },
        "axis_configuration": {
            "j1": 0,
            "j4": 0,
            "j6": 0,
            "jx": 4
        },
        "external_axes_position": {
            "a1": -135,
            "a2": 9000000000.0,
            "a3": 9000000000.0,
            "a4": 9000000000.0,
            "a5": 9000000000.0,
            "a6": 9000000000.0
        }
    },
    "arm_right_checkpoint": {
        "source": "robtarget",
        "position": {
            "type": "relative",
            "x": 250.75,
            "y": -314.25,
            "z": 275.8
        },
        "orientation": {
            "q1": 0.029355,
            "q2": -0.677526,
            "q3": 0.73262,
            "q4": -0.0580058
        },
        "axis_configuration": {
            "j1": 0.0,
            "j4": 3.0,
            "j6": -1.0,
            "jx": 4.0
        },
        "external_axes_position": {
            "a1": -164.778,
            "a2": 8999999000.0,
            "a3": 8999999000.0,
            "a4": 8999999000.0,
            "a5": 8999999000.0,
            "a6": 8999999000.0
        }
    },
    "arm_right_box_rubber": {
        "source": "robtarget",
        "position": {
            "type": "relative",
            "x": 69.53,
            "y": -319.79,
            "z": 215.39
        },
        "orientation": {
            "q1": 0.0463307,
            "q2": -0.709632,
            "q3": 0.699308,
            "q4": -0.0724144
        },
        "axis_configuration": {
            "j1": 0.0,
            "j4": 2.0,
            "j6": 0.0,
            "jx": 4.0
        },
        "external_axes_position": {
            "a1": -140.621,
            "a2": 8999999000.0,
            "a3": 8999999000.0,
            "a4": 8999999000.0,
            "a5": 8999999000.0,
            "a6": 8999999000.0
        }
    },
    "arm_right_tool_rubber": {
        "source": "robtarget",
        "position": {
            "type": "relative",
            "x": 237.43,
            "y": 15.04,
            "z": 189.77
        },
        "orientation": {
            "q1": 0.0530514,
            "q2": 0.998238,
            "q3": 0.0215833,
            "q4": 0.0155116
        },
        "axis_configuration": {
            "j1": 1.0,
            "j4": 2.0,
            "j6": -1.0,
            "jx": 4.0
        },
        "external_axes_position": {
            "a1": -157.988,
            "a2": 8999999000.0,
            "a3": 8999999000.0,
            "a4": 8999999000.0,
            "a5": 8999999000.0,
            "a6": 8999999000.0
        }
    },
    "arm_right_box_metal": {
        "source": "robtarget",
        "position": {
            "type": "relative",
            "x": 85.4,
            "y": -443.33,
            "z": 231.66
        },
        "orientation": {
            "q1": 0.0246414,
            "q2": -0.728594,
            "q3": 0.683506,
            "q4": -0.0369139
        },
        "axis_configuration": {
            "j1": 0.0,
            "j4": 3.0,
            "j6": -1.0,
            "jx": 5.0
        },
        "external_axes_position": {
            "a1": -170.883,
            "a2": 8999999000.0,
            "a3": 8999999000.0,
            "a4": 8999999000.0,
            "a5": 8999999000.0,
            "a6": 8999999000.0
        }
    },
    "arm_right_tool_metal": {
        "source": "robtarget",
        "position": {
            "type": "relative",
            "x": 234.98,
            "y": -37.42,
            "z": 191.03
        },
        "orientation": {
            "q1": 0.013311,
            "q2": -0.999578,
            "q3": -0.00163791,
            "q4": -0.0257866
        },
        "axis_configuration": {
            "j1": 1.0,
            "j4": 2.0,
            "j6": -1.0,
            "jx": 4.0
        },
        "external_axes_position": {
            "a1": -154.092,
            "a2": 8999999000.0,
            "a3": 8999999000.0,
            "a4": 8999999000.0,
            "a5": 8999999000.0,
            "a6": 8999999000.0
        }
    },
    "arm_right_tool_metal_above": {
        "source": "robtarget",
        "position": {
            "type": "relative",
            "x": 231.3,
            "y": -40.95,
            "z": 288.51
        },
        "orientation": {
            "q1": 0.0195804,
            "q2": -0.99844,
            "q3": -0.0466645,
            "q4": -0.0235981
        },
        "axis_configuration": {
            "j1": 1.0,
            "j4": 2.0,
            "j6": -1.0,
            "jx": 4.0
        },
        "external_axes_position": {
            "a1": -147.74,
            "a2": 8999999000.0,
            "a3": 8999999000.0,
            "a4": 8999999000.0,
            "a5": 8999999000.0,
            "a6": 8999999000.0
        }
    },
    "arm_right_tool_rubber_above": {
        "source": "robtarget",
        "position": {
            "type": "relative",
            "x": 245.81,
            "y": 7.52,
            "z": 258.36
        },
        "orientation": {
            "q1": 0.0114825,
            "q2": 0.999805,
            "q3": 0.0151603,
            "q4": -0.00529172
        },
        "axis_configuration": {
            "j1": 1.0,
            "j4": 2.0,
            "j6": -1.0,
            "jx": 4.0
        },
        "external_axes_position": {
            "a1": -150.412,
            "a2": 8999999000.0,
            "a3": 8999999000.0,
            "a4": 8999999000.0,
            "a5": 8999999000.0,
            "a6": 8999999000.0
        }
    },
    "arm_left_tool_lever": {
        "source": "robtarget",
        "position": {
            "type": "relative",
            "x": 115.37,
            "y": 135.92,
            "z": 144.44
        },
        "orientation": {
            "q1": 0.684008,
            "q2": 0.0167298,
            "q3": 0.72498,
            "q4": -0.0791018
        },
        "axis_configuration": {
            "j1": -1.0,
            "j4": -1.0,
            "j6": 2.0,
            "jx": 4.0
        },
        "external_axes_position": {
            "a1": 153.144,
            "a2": 8999999000.0,
            "a3": 8999999000.0,
            "a4": 8999999000.0,
            "a5": 8999999000.0,
            "a6": 8999999000.0
        }
    },
    "arm_left_tool_lever_down": {
        "source": "robtarget",
        "position": {
            "type": "relative",
            "x": 76.7,
            "y": 262.45,
            "z": 46.41
        },
        "orientation": {
            "q1": 0.462724,
            "q2": -0.504021,
            "q3": 0.523201,
            "q4": -0.508046
        },
        "axis_configuration": {
            "j1": -1.0,
            "j4": -1.0,
            "j6": 1.0,
            "jx": 4.0
        },
        "external_axes_position": {
            "a1": 153.852,
            "a2": 8999999000.0,
            "a3": 8999999000.0,
            "a4": 8999999000.0,
            "a5": 8999999000.0,
            "a6": 8999999000.0
        }
    },
    "arm_left_tool_lever_rotation_1": {
        "source": "robtarget",
        "position": {
            "type": "relative",
            "x": 119.5,
            "y": 259.53,
            "z": 61.72
        },
        "orientation": {
            "q1": 0.351992,
            "q2": -0.580521,
            "q3": 0.562666,
            "q4": -0.471703
        },
        "axis_configuration": {
            "j1": -1.0,
            "j4": -1.0,
            "j6": 1.0,
            "jx": 4.0
        },